Workbook

Sheet Dimensionament
B2: Dimensionament de maquinari per a LLM en local
B3: Omple només les caselles grogues. La resta són fórmules: fes-hi clic per veure-les.
B5: ENTRADES | E5: RESULTATS | H5: VEREDICTE
B6: Nom del client | C6: Ferreteria Puig SL | E6: Bytes per paràmetre | F6: =VLOOKUP($C$9,Referencia!$B$5:$D$9,3,FALSE) | H6: =IF($F$11<0,"✘ NO hi cap. Falten "&TEXT(-$F$11,"0.0")&" GB. Opcions: (1) baixa a una quantització més agressiva, (2) tria un model més petit, (3) fes offload a CPU —perdràs molta velocitat—, o (4) canvia de GPU.",IF($F$11<=1.5,"⚠ Hi cap JUST ("&TEXT($F$11,"0.0")&" GB de marge). Funcionarà, però sense recorregut: baixa el context o quantitza la KV cache a Q8 abans de posar-ho en producció. Amb "&$C$12&" usuari(s) el marge es menja de pressa.","✔ Hi cap bé ("&TEXT($F$11,"0.0")&" GB de marge). Espera uns "&TEXT($F$16,"0")&" tokens/s. Encara tens marge per pujar el context o servir més usuaris en paral·lel."))
B7: Model candidat | C7: Qwen3 14B | E7: VRAM pesos (GB) | F7: =$C$8*VLOOKUP($C$9,Referencia!$B$5:$D$9,3,FALSE)*1.1
B8: Paràmetres (B) | C8: 14 | E8: VRAM context (GB) | F8: =$C$10/1000*0.15*$C$12*IF($C$11="Q8",0.5,1)
B9: Quantització | C9: Q4 | E9: VRAM total (GB) | F9: =$F$7+$F$8
B10: Context (tokens) | C10: 8192 | E10: VRAM de la GPU (GB) | F10: =VLOOKUP($C$13,GPUs!$B$5:$H$14,2,FALSE)
B11: KV cache quantitzada | C11: No | E11: Marge (GB) | F11: =$F$10-$F$9
B12: Usuaris simultanis | C12: 1 | E12: Hi cap? | F12: =IF($F$11<0,"✘ No",IF($F$11>1.5,"✔ Sí","⚠ Just"))
B13: GPU triada | C13: RTX 5070
E14: Amplada de banda (GB/s) | F14: =VLOOKUP($C$13,GPUs!$B$5:$H$14,3,FALSE)
B15: Q4_K_M és el punt dolç: ~4x menys memòria que FP16 amb pèrdua de qualitat mínima. | E15: t/s teòrics | F15: =IF($F$7=0,0,VLOOKUP($C$13,GPUs!$B$5:$H$14,3,FALSE)/$F$7)
E16: t/s esperats a la pràctica | F16: =$F$15*0.7
E17: El rendiment real sol quedar entre el 60 % i el 80 % del teòric.
H18: LES DUES FÓRMULES DEL CURS
H19: VRAM_pesos ≈ paràmetres (B) × bytes/paràmetre × 1,1
H20: tokens/s ≈ amplada de banda (GB/s) ÷ mida del model (GB)
B22: CIDET · IA en local · Classe 1

Sheet GPUs
B2: GPUs de referència
B3: Comprova sempre l'amplada de banda de la variant concreta a techpowerup.com/gpu-specs
B4: GPU | C4: VRAM (GB) | D4: Amplada banda (GB/s) | E4: Arquitectura | F4: Any | G4: Accelera FP8/FP4 | H4: Preu orientatiu (€)
B5: RTX 3060 | C5: 12 | D5: 360 | E5: Ampere | F5: 2021 | G5: No | H5: 300
B6: RTX 5070 | C6: 12 | D6: 672 | E6: Blackwell | F6: 2025 | G6: Sí | H6: 650
B7: RTX 5060 Ti | C7: 16 | D7: 448 | E7: Blackwell | F7: 2025 | G7: Sí | H7: 480
B8: RTX 4090 | C8: 24 | D8: 1008 | E8: Ada Lovelace | F8: 2022 | G8: No | H8: 1900
B9: RTX 5090 | C9: 32 | D9: 1792 | E9: Blackwell | F9: 2025 | G9: Sí | H9: 2400
B10: L4 | C10: 24 | D10: 300 | E10: Ada Lovelace | F10: 2023 | G10: No | H10: 2600
B11: A100 40GB | C11: 40 | D11: 1555 | E11: Ampere | F11: 2020 | G11: No | H11: 9000
B12: RTX 4060 Ti 16GB | C12: 16 | D12: 288 | E12: Ada Lovelace | F12: 2023 | G12: No | H12: 480
B13: RTX 3090 | C13: 24 | D13: 936 | E13: Ampere | F13: 2020 | G13: No | H13: 800
B14: RTX 5080 | C14: 16 | D14: 960 | E14: Blackwell | F14: 2025 | G14: Sí | H14: 1200
B16: Files ombrejades = les tres GPU de l'aula.
B17: Els preus són orientatius de mercat de segona mà / PVP 2026 i canvien cada mes: fes-los servir només per comparar ordres de magnitud.
B18: Les Blackwell (50xx) accelen FP8/FP4 per maquinari; Ampere no. Això importa per a vLLM i models quantitzats en FP8.
B20: CIDET · IA en local · Classe 1

Sheet Referencia
B2: Referència: quantitzacions i fórmules
B4: Quantització | C4: Bits | D4: Bytes/paràmetre | E4: Mida relativa | F4: Pèrdua de qualitat orientativa | H4: Contextos
B5: FP16 | C5: 16 | D5: 2 | E5: 100 % | F5: Cap (referència) | H5: 2048
B6: Q8 | C6: 8 | D6: 1 | E6: 50 % | F6: Pràcticament imperceptible | H6: 4096
B7: Q6 | C7: 6 | D7: 0.75 | E7: 38 % | F7: Molt petita | H7: 8192
B8: Q4 | C8: 4 | D8: 0.5 | E8: 25 % | F8: Petita — el punt dolç (Q4_K_M) | H8: 16384
B9: Q3 | C9: 3 | D9: 0.4 | E9: 20 % | F9: Notable: comença a fallar en raonament | H9: 32768
H10: 65536
B11: Q4_K_M és el punt dolç | H11: 131072
B12: Per al 95 % dels casos d'empresa, la resposta és RAG, no fine-tuning.
B14: LES FÓRMULES DEL CURS
B16: VRAM_pesos (GB) ≈ paràmetres (B) × bytes/paràmetre × 1,1
B18: tokens/s ≈ amplada de banda (GB/s) ÷ mida del model (GB)
B20: VRAM_context (GB) ≈ 0,1–0,2 GB per cada 1.000 tokens (la meitat amb KV cache Q8)
B22: Regles pràctiques
B23: · El 1,1 de la fórmula és el sobrecost real: activacions, buffers i fragmentació.
B24: · Per a assistents d'empresa, temperatura 0–0,3.
B25: · El català tokenitza pitjor que l'anglès: més context consumit i, per tant, més lent.
B26: · El rendiment real queda entre el 60 % i el 80 % del teòric.
B27: · Les Blackwell accelen FP8/FP4 per maquinari; Ampere no.
B30: CIDET · IA en local · Classe 1

Sheet Exemples
B2: Exemples resolts — la matriu «hi cap?»
B3: Reprodueix la diapositiva 24. Els números són fórmules: canvia'ls i mira què passa.
B5: Model | C5: Par. (B) | D5: Quant. | E5: Context | F5: VRAM pesos | G5: VRAM ctx | H5: VRAM teòrica | I5: VRAM real (Ollama) | J5: RTX 3060 12GB | K5: RTX 5070 12GB | L5: RTX 5060 Ti 16GB
B6: Qwen3 14B | C6: 14 | D6: Q4 | E6: 8192 | F6: =C6*VLOOKUP(D6,Referencia!$B$5:$D$9,3,FALSE)*1.1 | G6: =E6/1000*0.15*1 | H6: =F6+G6 | I6: 11 | J6: =IF(12-$I6<0,"✘ No",IF(12-$I6>1.5,"✔ Sí","⚠ Just")) | K6: =IF(12-$I6<0,"✘ No",IF(12-$I6>1.5,"✔ Sí","⚠ Just")) | L6: =IF(16-$I6<0,"✘ No",IF(16-$I6>1.5,"✔ Sí","⚠ Just"))
B7: Gemma 4 26B-A4B | C7: 26 | D7: Q4 | E7: 8192 | F7: =C7*VLOOKUP(D7,Referencia!$B$5:$D$9,3,FALSE)*1.1 | G7: =E7/1000*0.15*1 | H7: =F7+G7 | I7: 15.5 | J7: =IF(12-$I7<0,"✘ No",IF(12-$I7>1.5,"✔ Sí","⚠ Just")) | K7: =IF(12-$I7<0,"✘ No",IF(12-$I7>1.5,"✔ Sí","⚠ Just")) | L7: =IF(16-$I7<0,"✘ No",IF(16-$I7>1.5,"✔ Sí","⚠ Just"))
B8: Qwen3.6 27B | C8: 27 | D8: Q4 | E8: 8192 | F8: =C8*VLOOKUP(D8,Referencia!$B$5:$D$9,3,FALSE)*1.1 | G8: =E8/1000*0.15*1 | H8: =F8+G8 | I8: 18.2 | J8: =IF(12-$I8<0,"✘ No",IF(12-$I8>1.5,"✔ Sí","⚠ Just")) | K8: =IF(12-$I8<0,"✘ No",IF(12-$I8>1.5,"✔ Sí","⚠ Just")) | L8: =IF(16-$I8<0,"✘ No",IF(16-$I8>1.5,"✔ Sí","⚠ Just"))
B10: Com es llegeix això
B11: · Qwen3 14B Q4 amb 8k de context: la fórmula dóna ~8,9 GB, però mesurat a Ollama en surten ~11 GB.
B12: Just a la 5070 (12 GB): arrenca, però sense marge. Còmode a la 5060 Ti (16 GB).
B13: · Gemma 4 26B-A4B Q4 → ~15,5 GB. Només a la 5060 Ti, i molt just.
B14: · Qwen3.6 27B Q4 → ~18 GB. A cap de les tres GPU de l'aula.
B16: Per què la teòrica i la real no coincideixen?
B17: · Q4_K_M no són 0,5 bytes/paràmetre exactes: barreja blocs de 4, 5 i 6 bits i surt a ~0,6 de mitjana.
B18: · El runtime (Ollama/llama.cpp) reserva els seus propis búfers de càlcul, a banda de pesos i KV cache.
B19: · La fórmula del curs és per DIMENSIONAR de pressa, no per predir al decigram.
B20: Regla de butxaca: si el marge teòric és < 2 GB, considera-ho «just» i mesura-ho abans de prometre res.
B22: Conclusió del curs: amb 12–16 GB, la franja útil és 7B–14B en Q4.
B23: Per a més, o compres més VRAM, o acceptes offload a CPU i la lentitud que comporta.
B26: CIDET · IA en local · Classe 1
